Workbook

Sheet 信息表
A1: 甲方名称 | B1: 省份 | C1: 合同号 | D1: 含税合同金额 | E1: 税率 | F1: 负责人 | G1: 项目类型 | H1: 开工时间 | I1: 完工时间 | J1: 实际工期 | K1: 施工状态 | L1: 结算时间 | M1: 开票时间 | N1: 回款时间 | O1: 完工后结算时间 | P1: 结算后开票时间 | Q1: 开票后回款90%时间 | R1: 结算金额 | S1: 开票金额 | T1: 结算审计偏差率 | U1: 自有人工工时 | V1: 劳务人工工时 | W1: 生活住宿费 | X1: 交通费 | Y1: 材料费 | Z1: 其他费用 | AA1: 项目成本表截止提供时间 | AB1: 截止剩余时间 | AC1: 是否提供项目成本表 | AD1: 是否已计算提成
A2: 山东圣川新材料科技股份有限公司 | B2: 山东 | C2: KMX2025125-081 | D2: 60000 | E2: 0.09 | G2: 自有人员 | H2: 45999 | I2: 46115 | J2: 9 | K2: 已完工 | L2: 46115 | M2: 46119 | N2: 46141 | O2: =IF($K2=Sheet1!$F$5,IF(L2<>"",NETWORKDAYS(I2,L2),""),"") -> 1 | P2: =IF($K2=Sheet1!$F$5,IF(M2<>"",NETWORKDAYS(L2,M2),""),"") -> 3 | Q2: =IF($K2=Sheet1!$F$5,IF(N2<>"",NETWORKDAYS(M2,N2),""),"") -> 17 | R2: 60000 | S2: 60000 | T2: =IFERROR(MIN((R2-D2)/D2,(S2-D2)/D2,(S2-R2)/R2),"") -> 0 | U2: 21 | W2: 2000 | X2: 244 | Y2: 520 | Z2: 150 | AA2: =IF(K2=Sheet1!$F$5,MAX(I2+30,0),"") -> 46145 | AB2: =IF(K2=Sheet1!$F$5,MAX(AA2-TODAY(),0),"") -> 0 | AC2: 已提供
A3: 广安昌兴水泥有限公司 | B3: 四川 | C3: KMX20251119-079 | D3: 228900 | E3: 0.09 | F3: 余永昕 | G3: 自有人员 | H3: 45988 | I3: 46088 | J3: =IF(I3,I3-H3+1,"") -> 101 | K3: 已完工 | L3: 46088 | M3: 46102 | N3: 46139 | O3: =IF($K3=Sheet1!$F$5,IF(L3<>"",NETWORKDAYS(I3,L3),""),"") -> 0 | P3: =IF($K3=Sheet1!$F$5,IF(M3<>"",NETWORKDAYS(L3,M3),""),"") -> 10 | Q3: =IF($K3=Sheet1!$F$5,IF(N3<>"",NETWORKDAYS(M3,N3),""),"") -> 26 | R3: 228900 | S3: 228900 | T3: =IFERROR(MIN((R3-D3)/D3,(S3-D3)/D3,(S3-R3)/R3),"") -> 0 | U3: 214 | W3: 15500 | X3: 7399.04 | Y3: 4195 | Z3: 80 | AA3: =IF(K3=Sheet1!$F$5,MAX(I3+30,0),"") -> 46118 | AB3: =IF(K3=Sheet1!$F$5,MAX(AA3-TODAY(),0),"") -> 0 | AC3: 已提供 | AD3: 是
A4: 新疆宜化化工有限公司 | B4: 新疆 | C4: KMX2025121-080 | D4: 3808371.2 | E4: 0.09 | G4: 定额分包 | H4: 45938 | J4: =IF(I4,I4-H4+1,"") | K4: 施工中 | O4: =IF($K4=Sheet1!$F$5,IF(L4<>"",NETWORKDAYS(I4,L4),""),"") | P4: =IF($K4=Sheet1!$F$5,IF(M4<>"",NETWORKDAYS(L4,M4),""),"") | Q4: =IF($K4=Sheet1!$F$5,IF(N4<>"",NETWORKDAYS(M4,N4),""),"") | T4: =IFERROR(MIN((R4-D4)/D4,(S4-D4)/D4,(S4-R4)/R4),"") | AA4: =IF(K4=Sheet1!$F$5,MAX(I4+30,0),"") | AB4: =IF(K4=Sheet1!$F$5,MAX(AA4-TODAY(),0),"")
A5: 青海盐湖镁业有限公司 | B5: 青海 | C5: KMX20251210-082 | D5: 460000 | E5: 0.09 | G5: 定额分包 | H5: 46001 | J5: =IF(I5,I5-H5+1,"") | K5: 施工中 | O5: =IF($K5=Sheet1!$F$5,IF(L5<>"",NETWORKDAYS(I5,L5),""),"") | P5: =IF($K5=Sheet1!$F$5,IF(M5<>"",NETWORKDAYS(L5,M5),""),"") | Q5: =IF($K5=Sheet1!$F$5,IF(N5<>"",NETWORKDAYS(M5,N5),""),"") | T5: =IFERROR(MIN((R5-D5)/D5,(S5-D5)/D5,(S5-R5)/R5),"") | AA5: =IF(K5=Sheet1!$F$5,MAX(I5+30,0),"") | AB5: =IF(K5=Sheet1!$F$5,MAX(AA5-TODAY(),0),"")
A6: 青海盐湖镁业有限公司 | B6: 青海 | C6: KMX20251217-083 | D6: 346000 | E6: 0.13 | G6: 定额分包 | J6: =IF(I6,I6-H6+1,"") | K6: 待入场 | O6: =IF($K6=Sheet1!$F$5,IF(L6<>"",NETWORKDAYS(I6,L6),""),"") | P6: =IF($K6=Sheet1!$F$5,IF(M6<>"",NETWORKDAYS(L6,M6),""),"") | Q6: =IF($K6=Sheet1!$F$5,IF(N6<>"",NETWORKDAYS(M6,N6),""),"") | T6: =IFERROR(MIN((R6-D6)/D6,(S6-D6)/D6,(S6-R6)/R6),"") | AA6: =IF(K6=Sheet1!$F$5,MAX(I6+30,0),"") | AB6: =IF(K6=Sheet1!$F$5,MAX(AA6-TODAY(),0),"")
A7: 崇阳县昌华实业有限公司 | B7: 湖北 | C7: KMX20251222-084 | D7: 38000 | E7: 0.13 | F7: 余永昕 | G7: 自有人员 | H7: 46011 | I7: 46016 | J7: =IF(I7,I7-H7+1,"") -> 6 | K7: 已完工 | L7: 46016 | M7: 46027 | N7: 46066 | O7: =IF($K7=Sheet1!$F$5,IF(L7<>"",NETWORKDAYS(I7,L7),""),"") -> 1 | P7: =IF($K7=Sheet1!$F$5,IF(M7<>"",NETWORKDAYS(L7,M7),""),"") -> 8 | Q7: =IF($K7=Sheet1!$F$5,IF(N7<>"",NETWORKDAYS(M7,N7),""),"") -> 30 | R7: 38000 | S7: 38000 | T7: =IFERROR(MIN((R7-D7)/D7,(S7-D7)/D7,(S7-R7)/R7),"") -> 0 | U7: 12 | W7: 640 | X7: 67 | AA7: =IF(K7=Sheet1!$F$5,MAX(I7+30,0),"") -> 46046 | AB7: =IF(K7=Sheet1!$F$5,MAX(AA7-TODAY(),0),"") -> 0 | AC7: 已提供 | AD7: 是
A8: 池州恒鑫材料科技有限公司 | B8: 安徽 | C8: KMX20251222-085 | D8: 45000 | E8: 0.09 | F8: 余永昕 | G8: 自有劳务混合 | H8: 46014 | I8: 46021 | J8: =IF(I8,I8-H8+1,"") -> 8 | K8: 已完工 | L8: 46021 | M8: 46048 | N8: 46058 | O8: =IF($K8=Sheet1!$F$5,IF(L8<>"",NETWORKDAYS(I8,L8),""),"") -> 1 | P8: =IF($K8=Sheet1!$F$5,IF(M8<>"",NETWORKDAYS(L8,M8),""),"") -> 20 | Q8: =IF($K8=Sheet1!$F$5,IF(N8<>"",NETWORKDAYS(M8,N8),""),"") -> 9 | R8: 45000 | S8: 45000 | T8: =IFERROR(MIN((R8-D8)/D8,(S8-D8)/D8,(S8-R8)/R8),"") -> 0 | U8: 41 | V8: 17 | W8: =1812.5+1300 -> 3112.5 | X8: 1233.81 | Y8: 160 | Z8: 3056 | AA8: =IF(K8=Sheet1!$F$5,MAX(I8+30,0),"") -> 46051 | AB8: =IF(K8=Sheet1!$F$5,MAX(AA8-TODAY(),0),"") -> 0 | AC8: 已提供 | AD8: 是
A9: 日照钢铁有限公司 | B9: 山东 | C9: KMX202595-064 | D9: 1263546 | E9: 0.13 | G9: 自有劳务混合 | J9: =IF(I9,I9-H9+1,"") | K9: 施工中 | O9: =IF($K9=Sheet1!$F$5,IF(L9<>"",NETWORKDAYS(I9,L9),""),"") | P9: =IF($K9=Sheet1!$F$5,IF(M9<>"",NETWORKDAYS(L9,M9),""),"") | Q9: =IF($K9=Sheet1!$F$5,IF(N9<>"",NETWORKDAYS(M9,N9),""),"") | T9: =IFERROR(MIN((R9-D9)/D9,(S9-D9)/D9,(S9-R9)/R9),"") | AA9: =IF(K9=Sheet1!$F$5,MAX(I9+30,0),"") | AB9: =IF(K9=Sheet1!$F$5,MAX(AA9-TODAY(),0),"")
A10: 萍乡萍钢安源钢铁有限公司 | B10: 江西 | C10: KMX250226-012-XF | D10: 86000 | E10: 0.09 | G10: 自有劳务混合 | H10: 46018 | I10: 46024 | J10: =IF(I10,I10-H10+1,"") -> 7 | K10: 部分施工 | O10: =IF($K10=Sheet1!$F$5,IF(L10<>"",NETWORKDAYS(I10,L10),""),"") | P10: =IF($K10=Sheet1!$F$5,IF(M10<>"",NETWORKDAYS(L10,M10),""),"") | Q10: =IF($K10=Sheet1!$F$5,IF(N10<>"",NETWORKDAYS(M10,N10),""),"") | T10: =IFERROR(MIN((R10-D10)/D10,(S10-D10)/D10,(S10-R10)/R10),"") | U10: 31 | V10: 2 | W10: =2195+70 -> 2265 | X10: 2140.31 | Y10: 1963 | Z10: 300 | AA10: =IF(K10=Sheet1!$F$5,MAX(I10+30,0),"") | AB10: =IF(K10=Sheet1!$F$5,MAX(AA10-TODAY(),0),"")
A11: 新疆宜化化工有限公司 | B11: 新疆 | C11: KMX202595-064 | D11: 1180000 | E11: 0.09 | G11: 自有劳务混合 | H11: 45940 | I11: 46034 | J11: =IF(I11,I11-H11+1,"") -> 95 | K11: 已完工 | L11: 46037 | M11: 46056 | O11: =IF($K11=Sheet1!$F$5,IF(L11<>"",NETWORKDAYS(I11,L11),""),"") -> 4 | P11: =IF($K11=Sheet1!$F$5,IF(M11<>"",NETWORKDAYS(L11,M11),""),"") -> 14 | Q11: =IF($K11=Sheet1!$F$5,IF(N11<>"",NETWORKDAYS(M11,N11),""),"") | R11: 944532 | S11: 944532 | T11: =IFERROR(MIN((R11-D11)/D11,(S11-D11)/D11,(S11-R11)/R11),"") -> -0.19954915 | U11: =71+75+46 -> 192 | V11: 1579.32 | W11: =2474+18412+19703.1+4099.21 -> 44688.31 | X11: 20441.77 | Y11: =26276.7+3870 -> 30146.7 | Z11: =4919.95+11993.02+1815+205+41200+87373+978+20000 -> 168483.97 | AA11: =IF(K11=Sheet1!$F$5,MAX(I11+30,0),"") -> 46064 | AB11: =IF(K11=Sheet1!$F$5,MAX(AA11-TODAY(),0),"") -> 0 | AC11: 已提供
A12: 福建鼎信实业有限公司 | B12: 福建 | C12: KMX2026112-002 | D12: 91000 | E12: 0.13 | F12: 余永昕 | G12: 自有人员 | H12: 46060 | I12: 46067 | J12: =IF(I12,I12-H12+1,"") -> 8 | K12: 已完工 | L12: 46067 | M12: 46090 | N12: 46168 | O12: =IF($K12=Sheet1!$F$5,IF(L12<>"",NETWORKDAYS(I12,L12),""),"") -> 0 | P12: =IF($K12=Sheet1!$F$5,IF(M12<>"",NETWORKDAYS(L12,M12),""),"") -> 16 | Q12: =IF($K12=Sheet1!$F$5,IF(N12<>"",NETWORKDAYS(M12,N12),""),"") -> 57 | R12: 157300 | S12: 145200 | T12: =IFERROR(MIN((R12-D12)/D12,(S12-D12)/D12,(S12-R12)/R12),"") -> -0.076923077 | U12: 43 | W12: 2800 | AA12: =IF(K12=Sheet1!$F$5,MAX(I12+30,0),"") -> 46097 | AB12: =IF(K12=Sheet1!$F$5,MAX(AA12-TODAY(),0),"") -> 0 | AC12: 已提供 | AD12: 是
A13: 福建鼎信实业有限公司 | B13: 福建 | C13: KMX2026116-003 | D13: 40000 | E13: 0.13 | F13: 余永昕 | G13: 自有人员 | H13: 46094 | I13: 46108 | J13: =IF(I13,I13-H13+1,"") -> 15 | K13: 已完工 | L13: 46108 | M13: 46115 | N13: 46168 | O13: =IF($K13=Sheet1!$F$5,IF(L13<>"",NETWORKDAYS(I13,L13),""),"") -> 1 | P13: =IF($K13=Sheet1!$F$5,IF(M13<>"",NETWORKDAYS(L13,M13),""),"") -> 6 | Q13: =IF($K13=Sheet1!$F$5,IF(N13<>"",NETWORKDAYS(M13,N13),""),"") -> 38 | R13: 46360 | S13: 46360 | T13: =IFERROR(MIN((R13-D13)/D13,(S13-D13)/D13,(S13-R13)/R13),"") -> 0 | U13: 34 | W13: 2310 | AA13: =IF(K13=Sheet1!$F$5,MAX(I13+30,0),"") -> 46138 | AB13: =IF(K13=Sheet1!$F$5,MAX(AA13-TODAY(),0),"") -> 0 | AC13: 已提供 | AD13: 是
A14: 贵州凯里瑞安建材有限公司 | B14: 贵州 | C14: KMX2026120-004 | D14: 98368 | E14: 0.06 | F14: 余永昕 | G14: 自有人员 | H14: 46044 | I14: 46093 | J14: =IF(I14,I14-H14+1,"") -> 50 | K14: 已完工 | L14: 46093 | M14: 46101 | N14: 46213 | O14: =IF($K14=Sheet1!$F$5,IF(L14<>"",NETWORKDAYS(I14,L14),""),"") -> 1 | P14: =IF($K14=Sheet1!$F$5,IF(M14<>"",NETWORKDAYS(L14,M14),""),"") -> 7 | Q14: =IF($K14=Sheet1!$F$5,IF(N14<>"",NETWORKDAYS(M14,N14),""),"") -> 81 | R14: 98368 | S14: 98368 | T14: =IFERROR(MIN((R14-D14)/D14,(S14-D14)/D14,(S14-R14)/R14),"") -> 0 | U14: 32 | W14: 2645 | X14: 1506.59 | Z14: 1279 | AA14: =IF(K14=Sheet1!$F$5,MAX(I14+30,0),"") -> 46123 | AB14: =IF(K14=Sheet1!$F$5,MAX(AA14-TODAY(),0),"") -> 0 | AC14: 已提供 | AD14: 是
A15: 青海盐湖海纳化工有限公司 | B15: 青海 | C15: KMX2026121-005 | D15: 415000 | E15: 0.09 | G15: 自有劳务混合 | H15: 46046 | J15: =IF(I15,I15-H15+1,"") | K15: 部分施工 | O15: =IF($K15=Sheet1!$F$5,IF(L15<>"",NETWORKDAYS(I15,L15),""),"") | P15: =IF($K15=Sheet1!$F$5,IF(M15<>"",NETWORKDAYS(L15,M15),""),"") | Q15: =IF($K15=Sheet1!$F$5,IF(N15<>"",NETWORKDAYS(M15,N15),""),"") | T15: =IFERROR(MIN((R15-D15)/D15,(S15-D15)/D15,(S15-R15)/R15),"") | AA15: =IF(K15=Sheet1!$F$5,MAX(I15+30,0),"") | AB15: =IF(K15=Sheet1!$F$5,MAX(AA15-TODAY(),0),"")
A16: 青海盐湖海纳化工有限公司 | B16: 青海 | C16: KMX2026122-006 | D16: 320000 | E16: 0.09 | G16: 自有劳务混合 | J16: =IF(I16,I16-H16+1,"") | K16: 部分施工 | O16: =IF($K16=Sheet1!$F$5,IF(L16<>"",NETWORKDAYS(I16,L16),""),"") | P16: =IF($K16=Sheet1!$F$5,IF(M16<>"",NETWORKDAYS(L16,M16),""),"") | Q16: =IF($K16=Sheet1!$F$5,IF(N16<>"",NETWORKDAYS(M16,N16),""),"") | T16: =IFERROR(MIN((R16-D16)/D16,(S16-D16)/D16,(S16-R16)/R16),"") | AA16: =IF(K16=Sheet1!$F$5,MAX(I16+30,0),"") | AB16: =IF(K16=Sheet1!$F$5,MAX(AA16-TODAY(),0),"")
A17: 青海盐湖镁业有限公司 | B17: 青海 | C17: KMX2026122-007 | D17: 608000 | E17: 0.13 | G17: 定额分包 | J17: =IF(I17,I17-H17+1,"") | K17: 已完工 | L17: 46178 | M17: 46181 | O17: 0 | P17: =IF($K17=Sheet1!$F$5,IF(M17<>"",NETWORKDAYS(L17,M17),""),"") -> 2 | Q17: =IF($K17=Sheet1!$F$5,IF(N17<>"",NETWORKDAYS(M17,N17),""),"") | R17: 608000 | S17: 608000 | T17: =IFERROR(MIN((R17-D17)/D17,(S17-D17)/D17,(S17-R17)/R17),"") -> 0 | AB17: =IF(K17=Sheet1!$F$5,MAX(AA17-TODAY(),0),"") -> 0
A18: 江西福丰新材料科技有限公司 | B18: 江西 | C18: KMX2026127-008 | D18: 300000 | E18: 0.09 | F18: 余永昕 | G18: 自有劳务混合 | H18: 46084 | I18: 46104 | J18: =IF(I18,I18-H18+1,"") -> 21 | K18: 施工中 | O18: =IF($K18=Sheet1!$F$5,IF(L18<>"",NETWORKDAYS(I18,L18),""),"") | P18: =IF($K18=Sheet1!$F$5,IF(M18<>"",NETWORKDAYS(L18,M18),""),"") | Q18: =IF($K18=Sheet1!$F$5,IF(N18<>"",NETWORKDAYS(M18,N18),""),"") | T18: =IFERROR(MIN((R18-D18)/D18,(S18-D18)/D18,(S18-R18)/R18),"") | AA18: =IF(K18=Sheet1!$F$5,MAX(I18+30,0),"") | AB18: =IF(K18=Sheet1!$F$5,MAX(AA18-TODAY(),0),"")
A19: 湘潭瑞通球团有限公司 | B19: 安徽 | C19: KMX202622-009 | D19: 166000 | E19: 0.13 | F19: 余永昕 | G19: 定额分包 | H19: 46085 | I19: 46150 | J19: =IF(I19,I19-H19+1,"") -> 66 | K19: 已完工 | O19: =IF($K19=Sheet1!$F$5,IF(L19<>"",NETWORKDAYS(I19,L19),""),"") | P19: =IF($K19=Sheet1!$F$5,IF(M19<>"",NETWORKDAYS(L19,M19),""),"") | Q19: =IF($K19=Sheet1!$F$5,IF(N19<>"",NETWORKDAYS(M19,N19),""),"") | T19: =IFERROR(MIN((R19-D19)/D19,(S19-D19)/D19,(S19-R19)/R19),"") | AA19: =IF(K19=Sheet1!$F$5,MAX(I19+30,0),"") -> 46180 | AB19: =IF(K19=Sheet1!$F$5,MAX(AA19-TODAY(),0),"") -> 0
A20: 池州恒鑫材料科技有限公司 | B20: 安徽 | C20: KMX2026313-010 | D20: 170000 | E20: 0.09 | F20: 余永昕 | G20: 自有人员 | J20: =IF(I20,I20-H20+1,"") | K20: 待入场 | O20: =IF($K20=Sheet1!$F$5,IF(L20<>"",NETWORKDAYS(I20,L20),""),"") | P20: =IF($K20=Sheet1!$F$5,IF(M20<>"",NETWORKDAYS(L20,M20),""),"") | Q20: =IF($K20=Sheet1!$F$5,IF(N20<>"",NETWORKDAYS(M20,N20),""),"") | T20: =IFERROR(MIN((R20-D20)/D20,(S20-D20)/D20,(S20-R20)/R20),"") | AA20: =IF(K20=Sheet1!$F$5,MAX(I20+30,0),"") | AB20: =IF(K20=Sheet1!$F$5,MAX(AA20-TODAY(),0),"")
A21: 湖北双环科技股份有限公司 | B21: 湖北 | C21: KMX202632-011 | D21: 448000 | E21: 0.09 | F21: 林维 | G21: 自有劳务混合 | J21: =IF(I21,I21-H21+1,"") | K21: 已完工 | O21: =IF($K21=Sheet1!$F$5,IF(L21<>"",NETWORKDAYS(I21,L21),""),"") | P21: =IF($K21=Sheet1!$F$5,IF(M21<>"",NETWORKDAYS(L21,M21),""),"") | Q21: =IF($K21=Sheet1!$F$5,IF(N21<>"",NETWORKDAYS(M21,N21),""),"") | T21: =IFERROR(MIN((R21-D21)/D21,(S21-D21)/D21,(S21-R21)/R21),"") | AA21: =IF(K21=Sheet1!$F$5,MAX(I21+30,0),"") -> 30 | AB21: =IF(K21=Sheet1!$F$5,MAX(AA21-TODAY(),0),"") -> 0
A22: 池州天赐高新材料有限公司 | B22: 安徽 | C22: KMX2026415-12-XF--Z | D22: 40000 | E22: 0.09 | F22: 余永昕 | G22: 自有人员 | H22: 46127 | I22: 46137 | J22: =IF(I22,I22-H22+1,"") -> 11 | K22: 已完工 | L22: 46139 | M22: 46139 | O22: =IF($K22=Sheet1!$F$5,IF(L22<>"",NETWORKDAYS(I22,L22),""),"") -> 1 | P22: =IF($K22=Sheet1!$F$5,IF(M22<>"",NETWORKDAYS(L22,M22),""),"") -> 1 | Q22: =IF($K22=Sheet1!$F$5,IF(N22<>"",NETWORKDAYS(M22,N22),""),"") | R22: 40000 | S22: 40000 | T22: =IFERROR(MIN((R22-D22)/D22,(S22-D22)/D22,(S22-R22)/R22),"") -> 0 | U22: 26 | W22: 900 | X22: 1100 | Y22: 965.25 | AA22: =IF(K22=Sheet1!$F$5,MAX(I22+30,0),"") -> 46167 | AB22: =IF(K22=Sheet1!$F$5,MAX(AA22-TODAY(),0),"") -> 0
A23: 台泥（贵港）水泥有限公司 | B23: 广西 | C23: KMX2026415-13-XF--Z | D23: 344440 | E23: 0.09 | F23: 余永昕 | G23: 自有人员 | H23: 46155 | J23: =IF(I23,I23-H23+1,"") | K23: 施工中 | O23: =IF($K23=Sheet1!$F$5,IF(L23<>"",NETWORKDAYS(I23,L23),""),"") | P23: =IF($K23=Sheet1!$F$5,IF(M23<>"",NETWORKDAYS(L23,M23),""),"") | Q23: =IF($K23=Sheet1!$F$5,IF(N23<>"",NETWORKDAYS(M23,N23),""),"") | T23: =IFERROR(MIN((R23-D23)/D23,(S23-D23)/D23,(S23-R23)/R23),"") | AA23: =IF(K23=Sheet1!$F$5,MAX(I23+30,0),"") | AB23: =IF(K23=Sheet1!$F$5,MAX(AA23-TODAY(),0),"")
A24: 湖北双环科技股份有限公司 | B24: 湖北 | C24: KMX2026415-14-XF--Z | D24: 98000 | E24: 0.13 | F24: 林维 | G24: 劳务外协 | H24: 46153 | I24: 46163 | J24: =IF(I24,I24-H24+1,"") -> 11 | K24: 已完工 | L24: 46198 | M24: 46198 | O24: =IF($K24=Sheet1!$F$5,IF(L24<>"",NETWORKDAYS(I24,L24),""),"") -> 26 | P24: =IF($K24=Sheet1!$F$5,IF(M24<>"",NETWORKDAYS(L24,M24),""),"") -> 1 | Q24: =IF($K24=Sheet1!$F$5,IF(N24<>"",NETWORKDAYS(M24,N24),""),"") | R24: 65500 | S24: 65500 | T24: =IFERROR(MIN((R24-D24)/D24,(S24-D24)/D24,(S24-R24)/R24),"") -> -0.33163265 | V24: 34 | AA24: =IF(K24=Sheet1!$F$5,MAX(I24+30,0),"") -> 46193 | AB24: =IF(K24=Sheet1!$F$5,MAX(AA24-TODAY(),0),"") -> 0
A25: 葛洲坝松滋水泥有限公司 | B25: 湖北 | C25: KMX2026429-015 | D25: 56000 | E25: 0.06 | F25: 林维 | G25: 自有人员 | I25: 46203 | J25: =IF(I25,I25-H25+1,"") -> 46204 | K25: 已完工 | O25: =IF($K25=Sheet1!$F$5,IF(L25<>"",NETWORKDAYS(I25,L25),""),"") | P25: =IF($K25=Sheet1!$F$5,IF(M25<>"",NETWORKDAYS(L25,M25),""),"") | Q25: =IF($K25=Sheet1!$F$5,IF(N25<>"",NETWORKDAYS(M25,N25),""),"") | T25: =IFERROR(MIN((R25-D25)/D25,(S25-D25)/D25,(S25-R25)/R25),"") | AA25: =IF(K25=Sheet1!$F$5,MAX(I25+30,0),"") -> 46233 | AB25: =IF(K25=Sheet1!$F$5,MAX(AA25-TODAY(),0),"") -> 27
A26: 贵州凯里瑞安建材有限公司 | B26: 贵州 | C26: KMX2026429-016 | D26: 43600 | E26: 0.09 | F26: 余永昕 | G26: 自有劳务混合 | H26: 46154 | I26: 46173 | J26: =IF(I26,I26-H26+1,"") -> 20 | K26: 已完工 | L26: 46183 | M26: 46183 | O26: =IF($K26=Sheet1!$F$5,IF(L26<>"",NETWORKDAYS(I26,L26),""),"") -> 8 | P26: =IF($K26=Sheet1!$F$5,IF(M26<>"",NETWORKDAYS(L26,M26),""),"") -> 1 | Q26: =IF($K26=Sheet1!$F$5,IF(N26<>"",NETWORKDAYS(M26,N26),""),"") | R26: 43600 | S26: 43600 | T26: =IFERROR(MIN((R26-D26)/D26,(S26-D26)/D26,(S26-R26)/R26),"") -> 0 | U26: 20 | W26: 700 | X26: 820 | AA26: =IF(K26=Sheet1!$F$5,MAX(I26+30,0),"") -> 46203 | AB26: =IF(K26=Sheet1!$F$5,MAX(AA26-TODAY(),0),"") -> 0
A27: 福建韩研环保科技有限公司 | B27: 福建 | C27: KMX2026429-017 | D27: 99000 | E27: 0.09 | F27: 余永昕 | G27: 自有人员 | H27: 46142 | I27: 46154 | J27: =IF(I27,I27-H27+1,"") -> 13 | K27: 已完工 | L27: 46155 | M27: 46155 | N27: 46161 | O27: =IF($K27=Sheet1!$F$5,IF(L27<>"",NETWORKDAYS(I27,L27),""),"") -> 2 | P27: =IF($K27=Sheet1!$F$5,IF(M27<>"",NETWORKDAYS(L27,M27),""),"") -> 1 | Q27: =IF($K27=Sheet1!$F$5,IF(N27<>"",NETWORKDAYS(M27,N27),""),"") -> 5 | R27: 99000 | S27: 99000 | T27: =IFERROR(MIN((R27-D27)/D27,(S27-D27)/D27,(S27-R27)/R27),"") -> 0 | U27: 47 | AA27: =IF(K27=Sheet1!$F$5,MAX(I27+30,0),"") -> 46184 | AB27: =IF(K27=Sheet1!$F$5,MAX(AA27-TODAY(),0),"") -> 0 | AC27: 已提供 | AD27: 是
A28: 新洋丰农业科技股份有限公司 | B28: 湖北 | C28: KMX202655-018 | D28: 20000 | E28: 0.13 | F28: 林维 | G28: 自有人员 | H28: 46143 | I28: 46145 | J28: =IF(I28,I28-H28+1,"") -> 3 | K28: 已完工 | O28: =IF($K28=Sheet1!$F$5,IF(L28<>"",NETWORKDAYS(I28,L28),""),"") | P28: =IF($K28=Sheet1!$F$5,IF(M28<>"",NETWORKDAYS(L28,M28),""),"") | Q28: =IF($K28=Sheet1!$F$5,IF(N28<>"",NETWORKDAYS(M28,N28),""),"") | T28: =IFERROR(MIN((R28-D28)/D28,(S28-D28)/D28,(S28-R28)/R28),"") | U28: 13 | W28: 455 | X28: 455 | AA28: =IF(K28=Sheet1!$F$5,MAX(I28+30,0),"") -> 46175 | AB28: =IF(K28=Sheet1!$F$5,MAX(AA28-TODAY(),0),"") -> 0
A29: 应城市新都化工有限责任公司 | B29: 湖北 | C29: KMX202657-019 | D29: 500000 | E29: 0.09 | F29: 林维 | G29: 自有劳务混合 | H29: 46167 | J29: =IF(I29,I29-H29+1,"") | K29: 施工中 | O29: =IF($K29=Sheet1!$F$5,IF(L29<>"",NETWORKDAYS(I29,L29),""),"") | P29: =IF($K29=Sheet1!$F$5,IF(M29<>"",NETWORKDAYS(L29,M29),""),"") | Q29: =IF($K29=Sheet1!$F$5,IF(N29<>"",NETWORKDAYS(M29,N29),""),"") | T29: =IFERROR(MIN((R29-D29)/D29,(S29-D29)/D29,(S29-R29)/R29),"") | AA29: =IF(K29=Sheet1!$F$5,MAX(I29+30,0),"") | AB29: =IF(K29=Sheet1!$F$5,MAX(AA29-TODAY(),0),"")
A30: 江阴兴澄特种钢铁有限公司 | B30: 江苏 | C30: KMX2026522-020 | D30: 128000 | E30: 0.09 | F30: 余永昕 | G30: 自有人员 | H30: 46166 | I30: 46181 | J30: =IF(I30,I30-H30+1,"") -> 16 | K30: 已完工 | O30: =IF($K30=Sheet1!$F$5,IF(L30<>"",NETWORKDAYS(I30,L30),""),"") | P30: =IF($K30=Sheet1!$F$5,IF(M30<>"",NETWORKDAYS(L30,M30),""),"") | Q30: =IF($K30=Sheet1!$F$5,IF(N30<>"",NETWORKDAYS(M30,N30),""),"") | T30: =IFERROR(MIN((R30-D30)/D30,(S30-D30)/D30,(S30-R30)/R30),"") | U30: =16+21 -> 37 | W30: =560+810 -> 1370 | X30: =560+910 -> 1470 | Y30: 774.25 | AA30: =IF(K30=Sheet1!$F$5,MAX(I30+30,0),"") -> 46211 | AB30: =IF(K30=Sheet1!$F$5,MAX(AA30-TODAY(),0),"") -> 5
A31: 萍乡萍钢安源钢铁有限公司 | B31: 江西 | C31: KMX202662-022 | D31: 44000 | E31: 0.09 | F31: 余永昕 | G31: 自有人员 | H31: 46176 | I31: 46186 | J31: =IF(I31,I31-H31+1,"") -> 11 | K31: 已完工 | O31: =IF($K31=Sheet1!$F$5,IF(L31<>"",NETWORKDAYS(I31,L31),""),"") | P31: =IF($K31=Sheet1!$F$5,IF(M31<>"",NETWORKDAYS(L31,M31),""),"") | Q31: =IF($K31=Sheet1!$F$5,IF(N31<>"",NETWORKDAYS(M31,N31),""),"") | T31: =IFERROR(MIN((R31-D31)/D31,(S31-D31)/D31,(S31-R31)/R31),"") | AA31: =IF(K31=Sheet1!$F$5,MAX(I31+30,0),"") -> 46216 | AB31: =IF(K31=Sheet1!$F$5,MAX(AA31-TODAY(),0),"") -> 10
A32: 福建鼎信实业有限公司 | B32: 福建 | C32: KMX202662-023 | D32: 40000 | E32: 0.13 | F32: 余永昕 | G32: 自有人员 | H32: 46178 | J32: =IF(I32,I32-H32+1,"") | K32: 部分施工 | O32: =IF($K32=Sheet1!$F$5,IF(L32<>"",NETWORKDAYS(I32,L32),""),"") | P32: =IF($K32=Sheet1!$F$5,IF(M32<>"",NETWORKDAYS(L32,M32),""),"") | Q32: =IF($K32=Sheet1!$F$5,IF(N32<>"",NETWORKDAYS(M32,N32),""),"") | T32: =IFERROR(MIN((R32-D32)/D32,(S32-D32)/D32,(S32-R32)/R32),"") | Y32: 1439.45 | AA32: =IF(K32=Sheet1!$F$5,MAX(I32+30,0),"") | AB32: =IF(K32=Sheet1!$F$5,MAX(AA32-TODAY(),0),"")
A33: 阜阳皖润电力有限公司 | B33: 安徽 | C33: KMX2025101 - 073 | D33: 284000 | E33: 0.09 | F33: 余永昕 | G33: 自有人员 | H33: 46142 | I33: 46160 | J33: =IF(I33,I33-H33+1,"") -> 19 | K33: 已完工 | O33: =IF($K33=Sheet1!$F$5,IF(L33<>"",NETWORKDAYS(I33,L33),""),"") | P33: =IF($K33=Sheet1!$F$5,IF(M33<>"",NETWORKDAYS(L33,M33),""),"") | Q33: =IF($K33=Sheet1!$F$5,IF(N33<>"",NETWORKDAYS(M33,N33),""),"") | T33: =IFERROR(MIN((R33-D33)/D33,(S33-D33)/D33,(S33-R33)/R33),"") | U33: 44 | Y33: 718.15 | AA33: =IF(K33=Sheet1!$F$5,MAX(I33+30,0),"") -> 46190 | AB33: =IF(K33=Sheet1!$F$5,MAX(AA33-TODAY(),0),"") -> 0
T45: 、

Sheet Sheet1
A1: 项目类型 | B1: 定义 | D1: 省份 | F1: 施工状态 | H1: 状态
A2: 定额分包 | B2: 劳务管理人员+劳务施工人员 | D2: 河北 | F2: 待入场 | H2: 部分提供
A3: 劳务外协 | B3: 自有管理人员+劳务施工人员 | D3: 山西 | F3: 施工中 | H3: 已提供
A4: 自有人员 | B4: 自有管理人员+自有施工人员 | D4: 辽宁 | F4: 部分施工
A5: 自有劳务混合 | B5: 施工人员包含劳务和自有人员 | D5: 吉林 | F5: 已完工
D6: 黑龙江 | F6: 完工未结算
D7: 江苏 | F7: 结算未开票
D8: 浙江 | F8: 已开票
D9: 安徽
D10: 福建
D11: 江西
D12: 山东
D13: 河南
D14: 湖北
D15: 湖南
D16: 广东
D17: 海南
D18: 四川
D19: 贵州
D20: 云南
... D31: 重庆
